id,filepath,controlflow_type,cf_start_lineno,cf_end_lineno,var1_lineno,var2_lineno,var1,localvar1,var2,localvar2,relation
1,apps/glance/glance/api/common.py,,,,112,112,user,CONF.user_storage_quota,user_storage_quota,CONF.user_storage_quota,same_line
2,apps/glance/glance/api/common.py,,,,112,112,user,CONF.user_storage_quota,user_storage_quota,get_remaining_quota.CONF.user_storage_quota,same_line
3,apps/glance/glance/api/common.py,,,,112,112,user,get_remaining_quota.CONF.user_storage_quota,user_storage_quota,CONF.user_storage_quota,same_line
4,apps/glance/glance/api/common.py,,,,112,112,user,get_remaining_quota.CONF.user_storage_quota,user_storage_quota,get_remaining_quota.CONF.user_storage_quota,same_line
5,apps/glance/glance/api/common.py,,,,117,117,user,get_remaining_quota.users_quota,user_storage_quota,get_remaining_quota.users_quota,same_line
6,apps/glance/glance/api/common.py,,,,117,117,user,get_remaining_quota.users_quota,user_storage_quota,get_remaining_quota.users_quota,same_line
7,apps/glance/glance/api/middleware/version_negotiation.py,,,,89,89,enabled,CONF.enabled_backends,enabled_backends,CONF.enabled_backends,same_line
8,apps/glance/glance/api/middleware/version_negotiation.py,If,89,94,89,89,enabled,CONF.enabled_backends,enabled_backends,CONF.enabled_backends,same_controlflow
9,apps/glance/glance/api/v2/cached_images.py,If,65,69,69,65,debug,LOG.debug,image_cache_dir,CONF.image_cache_dir,same_controlflow
10,apps/glance/glance/api/v2/discovery.py,,,,56,56,enabled,CONF.enabled_backends,enabled_backends,CONF.enabled_backends,same_line
11,apps/glance/glance/api/v2/discovery.py,,,,56,56,enabled,CONF.enabled_backends,enabled_backends,get_stores.CONF.enabled_backends,same_line
12,apps/glance/glance/api/v2/discovery.py,,,,56,56,enabled,get_stores.CONF.enabled_backends,enabled_backends,CONF.enabled_backends,same_line
13,apps/glance/glance/api/v2/discovery.py,,,,56,56,enabled,get_stores.CONF.enabled_backends,enabled_backends,get_stores.CONF.enabled_backends,same_line
14,apps/glance/glance/api/v2/discovery.py,,,,71,71,enabled,get_stores.enabled_backends,enabled_backends,get_stores.enabled_backends,same_line
15,apps/glance/glance/api/v2/discovery.py,,,,71,71,enabled,get_stores.enabled_backends,enabled_backends,get_stores.enabled_backends,same_line
16,apps/glance/glance/api/v2/discovery.py,,,,71,71,enabled,get_stores.enabled_backends,enabled_backends,get_stores.enabled_backends,same_line
17,apps/glance/glance/api/v2/discovery.py,,,,71,71,enabled,get_stores.enabled_backends,enabled_backends,get_stores.enabled_backends,same_line
18,apps/glance/glance/api/v2/discovery.py,,,,166,166,enabled,CONF.enabled_backends,enabled_backends,CONF.enabled_backends,same_line
19,apps/glance/glance/api/v2/discovery.py,,,,166,166,enabled,CONF.enabled_backends,enabled_backends,get_stores_detail.CONF.enabled_backends,same_line
20,apps/glance/glance/api/v2/discovery.py,,,,166,166,enabled,get_stores_detail.CONF.enabled_backends,enabled_backends,CONF.enabled_backends,same_line
21,apps/glance/glance/api/v2/discovery.py,,,,166,166,enabled,get_stores_detail.CONF.enabled_backends,enabled_backends,get_stores_detail.CONF.enabled_backends,same_line
22,apps/glance/glance/api/v2/discovery.py,,,,183,183,enabled,get_stores_detail.enabled_backends,enabled_backends,get_stores_detail.enabled_backends,same_line
23,apps/glance/glance/api/v2/discovery.py,,,,183,183,enabled,get_stores_detail.enabled_backends,enabled_backends,get_stores_detail.enabled_backends,same_line
24,apps/glance/glance/api/v2/discovery.py,,,,183,183,enabled,get_stores_detail.enabled_backends,enabled_backends,get_stores_detail.enabled_backends,same_line
25,apps/glance/glance/api/v2/discovery.py,,,,183,183,enabled,get_stores_detail.enabled_backends,enabled_backends,get_stores_detail.enabled_backends,same_line
26,apps/glance/glance/api/v2/discovery.py,For,62,91,68,71,enabled,get_stores.enabled_backends,swift_store_config_file,get_stores.swift_store_config_file,same_controlflow
27,apps/glance/glance/api/v2/discovery.py,For,62,91,68,71,enabled,get_stores.enabled_backends,swift_store_config_file,swift_store_config_file,same_controlflow
28,apps/glance/glance/api/v2/discovery.py,For,62,91,69,68,swift_store_config_file,get_stores.swift_store_config_file,swift_store_multi_tenant,get_stores.swift_store_multi_tenant,same_controlflow
29,apps/glance/glance/api/v2/discovery.py,For,62,91,69,68,swift_store_config_file,get_stores.swift_store_config_file,swift_store_multi_tenant,swift_store_multi_tenant,same_controlflow
30,apps/glance/glance/api/v2/discovery.py,For,62,91,69,68,swift_store_config_file,swift_store_config_file,swift_store_multi_tenant,get_stores.swift_store_multi_tenant,same_controlflow
31,apps/glance/glance/api/v2/discovery.py,For,62,91,69,68,swift_store_config_file,swift_store_config_file,swift_store_multi_tenant,swift_store_multi_tenant,same_controlflow
32,apps/glance/glance/api/v2/discovery.py,For,62,91,69,71,enabled,get_stores.enabled_backends,swift_store_multi_tenant,get_stores.swift_store_multi_tenant,same_controlflow
33,apps/glance/glance/api/v2/discovery.py,For,62,91,69,71,enabled,get_stores.enabled_backends,swift_store_multi_tenant,swift_store_multi_tenant,same_controlflow
34,apps/glance/glance/api/v2/discovery.py,For,62,91,71,68,enabled_backends,get_stores.enabled_backends,swift_store_config_file,get_stores.swift_store_config_file,same_controlflow
35,apps/glance/glance/api/v2/discovery.py,For,62,91,71,68,enabled_backends,get_stores.enabled_backends,swift_store_config_file,swift_store_config_file,same_controlflow
36,apps/glance/glance/api/v2/discovery.py,For,62,91,71,69,enabled_backends,get_stores.enabled_backends,swift_store_multi_tenant,get_stores.swift_store_multi_tenant,same_controlflow
37,apps/glance/glance/api/v2/discovery.py,For,62,91,71,69,enabled_backends,get_stores.enabled_backends,swift_store_multi_tenant,swift_store_multi_tenant,same_controlflow
38,apps/glance/glance/api/v2/discovery.py,For,62,91,71,71,enabled,get_stores.enabled_backends,enabled_backends,get_stores.enabled_backends,same_controlflow
39,apps/glance/glance/api/v2/discovery.py,For,182,189,183,183,enabled,get_stores_detail.enabled_backends,enabled_backends,get_stores_detail.enabled_backends,same_controlflow
40,apps/glance/glance/api/v2/discovery.py,If,67,81,68,71,enabled,get_stores.enabled_backends,swift_store_config_file,get_stores.swift_store_config_file,same_controlflow
41,apps/glance/glance/api/v2/discovery.py,If,67,81,68,71,enabled,get_stores.enabled_backends,swift_store_config_file,swift_store_config_file,same_controlflow
42,apps/glance/glance/api/v2/discovery.py,If,67,81,69,68,swift_store_config_file,get_stores.swift_store_config_file,swift_store_multi_tenant,get_stores.swift_store_multi_tenant,same_controlflow
43,apps/glance/glance/api/v2/discovery.py,If,67,81,69,68,swift_store_config_file,get_stores.swift_store_config_file,swift_store_multi_tenant,swift_store_multi_tenant,same_controlflow
44,apps/glance/glance/api/v2/discovery.py,If,67,81,69,68,swift_store_config_file,swift_store_config_file,swift_store_multi_tenant,get_stores.swift_store_multi_tenant,same_controlflow
45,apps/glance/glance/api/v2/discovery.py,If,67,81,69,68,swift_store_config_file,swift_store_config_file,swift_store_multi_tenant,swift_store_multi_tenant,same_controlflow
46,apps/glance/glance/api/v2/discovery.py,If,67,81,69,71,enabled,get_stores.enabled_backends,swift_store_multi_tenant,get_stores.swift_store_multi_tenant,same_controlflow
47,apps/glance/glance/api/v2/discovery.py,If,67,81,69,71,enabled,get_stores.enabled_backends,swift_store_multi_tenant,swift_store_multi_tenant,same_controlflow
48,apps/glance/glance/api/v2/discovery.py,If,67,81,71,68,enabled_backends,get_stores.enabled_backends,swift_store_config_file,get_stores.swift_store_config_file,same_controlflow
49,apps/glance/glance/api/v2/discovery.py,If,67,81,71,68,enabled_backends,get_stores.enabled_backends,swift_store_config_file,swift_store_config_file,same_controlflow
50,apps/glance/glance/api/v2/discovery.py,If,67,81,71,69,enabled_backends,get_stores.enabled_backends,swift_store_multi_tenant,get_stores.swift_store_multi_tenant,same_controlflow
51,apps/glance/glance/api/v2/discovery.py,If,67,81,71,69,enabled_backends,get_stores.enabled_backends,swift_store_multi_tenant,swift_store_multi_tenant,same_controlflow
52,apps/glance/glance/api/v2/discovery.py,If,67,81,71,71,enabled,get_stores.enabled_backends,enabled_backends,get_stores.enabled_backends,same_controlflow
53,apps/glance/glance/api/v2/discovery.py,If,70,81,71,71,enabled,get_stores.enabled_backends,enabled_backends,get_stores.enabled_backends,same_controlflow
54,apps/glance/glance/api/v2/discovery.py,Try,168,193,183,183,enabled,get_stores_detail.enabled_backends,enabled_backends,get_stores_detail.enabled_backends,same_controlflow
55,apps/glance/glance/api/v2/discovery.py,Try,168,193,192,183,debug,LOG.debug,enabled,get_stores_detail.enabled_backends,same_controlflow
56,apps/glance/glance/api/v2/discovery.py,Try,168,193,192,183,debug,LOG.debug,enabled_backends,get_stores_detail.enabled_backends,same_controlflow
57,apps/glance/glance/api/v2/image_data.py,,,,81,81,enabled,CONF.enabled_backends,enabled_backends,CONF.enabled_backends,same_line
58,apps/glance/glance/api/v2/image_data.py,,,,116,116,enabled,CONF.enabled_backends,enabled_backends,CONF.enabled_backends,same_line
59,apps/glance/glance/api/v2/image_data.py,,,,366,366,enabled,CONF.enabled_backends,enabled_backends,CONF.enabled_backends,same_line
60,apps/glance/glance/api/v2/image_data.py,If,81,103,81,81,enabled,CONF.enabled_backends,enabled_backends,CONF.enabled_backends,same_controlflow
61,apps/glance/glance/api/v2/image_data.py,If,81,103,81,82,enabled_backends,CONF.enabled_backends,filesystem_store_datadir,_unstage.filesystem_store_datadir,same_controlflow
62,apps/glance/glance/api/v2/image_data.py,If,81,103,81,82,enabled_backends,CONF.enabled_backends,filesystem_store_datadir,filesystem_store_datadir,same_controlflow
63,apps/glance/glance/api/v2/image_data.py,If,81,103,81,86,enabled_backends,CONF.enabled_backends,filesystem_store_datadir,_unstage.file_path,same_controlflow
64,apps/glance/glance/api/v2/image_data.py,If,81,103,82,81,enabled,CONF.enabled_backends,filesystem_store_datadir,_unstage.filesystem_store_datadir,same_controlflow
65,apps/glance/glance/api/v2/image_data.py,If,81,103,82,81,enabled,CONF.enabled_backends,filesystem_store_datadir,filesystem_store_datadir,same_controlflow
66,apps/glance/glance/api/v2/image_data.py,If,81,103,86,81,enabled,CONF.enabled_backends,filesystem_store_datadir,_unstage.file_path,same_controlflow
67,apps/glance/glance/api/v2/image_data.py,If,116,125,116,116,enabled,CONF.enabled_backends,enabled_backends,CONF.enabled_backends,same_controlflow
68,apps/glance/glance/api/v2/image_data.py,If,366,370,366,366,enabled,CONF.enabled_backends,enabled_backends,CONF.enabled_backends,same_controlflow
69,apps/glance/glance/api/v2/image_data.py,Try,131,308,237,151,debug,LOG.debug,user,upload.user_plugin,same_controlflow
70,apps/glance/glance/api/v2/image_data.py,Try,140,212,204,151,debug,LOG.debug,user,upload.user_plugin,same_controlflow
71,apps/glance/glance/api/v2/image_data.py,Try,372,444,380,389,image_size_cap,CONF.image_size_cap,public_endpoint,CONF.public_endpoint,same_controlflow
72,apps/glance/glance/api/v2/image_data.py,Try,372,444,380,389,image_size_cap,CONF.image_size_cap,public_endpoint,stage.CONF.public_endpoint,same_controlflow
73,apps/glance/glance/api/v2/image_data.py,Try,372,444,422,380,debug,LOG.debug,image_size_cap,CONF.image_size_cap,same_controlflow
74,apps/glance/glance/api/v2/image_data.py,Try,372,444,422,389,debug,LOG.debug,public_endpoint,CONF.public_endpoint,same_controlflow
75,apps/glance/glance/api/v2/image_data.py,Try,372,444,422,389,debug,LOG.debug,public_endpoint,stage.CONF.public_endpoint,same_controlflow
76,apps/glance/glance/api/v2/images.py,,,,388,388,enabled,CONF.enabled_backends,enabled_backends,CONF.enabled_backends,same_line
77,apps/glance/glance/api/v2/images.py,,,,429,429,enabled,CONF.enabled_backends,enabled_backends,CONF.enabled_backends,same_line
78,apps/glance/glance/api/v2/images.py,,,,737,737,enabled,CONF.enabled_backends,enabled_backends,CONF.enabled_backends,same_line
79,apps/glance/glance/api/v2/images.py,,,,739,739,enabled,CONF.enabled_backends,enabled_backends,CONF.enabled_backends,same_line
80,apps/glance/glance/api/v2/images.py,,,,871,871,enabled,CONF.enabled_backends,enabled_backends,CONF.enabled_backends,same_line
81,apps/glance/glance/api/v2/images.py,,,,1048,1048,enabled,CONF.enabled_backends,enabled_backends,CONF.enabled_backends,same_line
82,apps/glance/glance/api/v2/images.py,,,,1080,1080,enabled,CONF.enabled_backends,enabled_backends,CONF.enabled_backends,same_line
83,apps/glance/glance/api/v2/images.py,,,,1770,1770,enabled,CONF.enabled_backends,enabled_backends,CONF.enabled_backends,same_line
84,apps/glance/glance/api/v2/images.py,,,,1797,1797,enabled,CONF.enabled_backends,enabled_backends,CONF.enabled_backends,same_line
85,apps/glance/glance/api/v2/images.py,,,,1798,1798,enabled,create.CONF.enabled_backends,enabled_backends,create.CONF.enabled_backends,same_line
86,apps/glance/glance/api/v2/images.py,,,,1798,1798,enabled,create.CONF.enabled_backends,enabled_backends,create.CONF.enabled_backends.keys,same_line
87,apps/glance/glance/api/v2/images.py,,,,1798,1798,enabled,create.CONF.enabled_backends,key,create.CONF.enabled_backends.keys,same_line
88,apps/glance/glance/api/v2/images.py,,,,1798,1798,enabled,create.CONF.enabled_backends.keys,enabled_backends,create.CONF.enabled_backends,same_line
89,apps/glance/glance/api/v2/images.py,,,,1798,1798,enabled,create.CONF.enabled_backends.keys,enabled_backends,create.CONF.enabled_backends.keys,same_line
90,apps/glance/glance/api/v2/images.py,,,,1798,1798,enabled,create.CONF.enabled_backends.keys,key,create.CONF.enabled_backends.keys,same_line
91,apps/glance/glance/api/v2/images.py,,,,1798,1798,enabled_backends,create.CONF.enabled_backends,key,create.CONF.enabled_backends.keys,same_line
92,apps/glance/glance/api/v2/images.py,,,,1798,1798,enabled_backends,create.CONF.enabled_backends.keys,key,create.CONF.enabled_backends.keys,same_line
93,apps/glance/glance/api/v2/images.py,,,,1799,1799,enabled,CONF.enabled_backends,enabled_backends,CONF.enabled_backends,same_line
94,apps/glance/glance/api/v2/images.py,,,,1799,1799,enabled,CONF.enabled_backends,enabled_backends,CONF.enabled_backends.keys,same_line
95,apps/glance/glance/api/v2/images.py,,,,1799,1799,enabled,CONF.enabled_backends,key,CONF.enabled_backends.keys,same_line
96,apps/glance/glance/api/v2/images.py,,,,1799,1799,enabled,CONF.enabled_backends.keys,enabled_backends,CONF.enabled_backends,same_line
97,apps/glance/glance/api/v2/images.py,,,,1799,1799,enabled,CONF.enabled_backends.keys,enabled_backends,CONF.enabled_backends.keys,same_line
98,apps/glance/glance/api/v2/images.py,,,,1799,1799,enabled,CONF.enabled_backends.keys,key,CONF.enabled_backends.keys,same_line
99,apps/glance/glance/api/v2/images.py,,,,1799,1799,enabled_backends,CONF.enabled_backends,key,CONF.enabled_backends.keys,same_line
100,apps/glance/glance/api/v2/images.py,,,,1799,1799,enabled_backends,CONF.enabled_backends.keys,key,CONF.enabled_backends.keys,same_line
101,apps/glance/glance/api/v2/images.py,If,388,393,388,388,enabled,CONF.enabled_backends,enabled_backends,CONF.enabled_backends,same_controlflow
102,apps/glance/glance/api/v2/images.py,If,429,432,429,429,enabled,CONF.enabled_backends,enabled_backends,CONF.enabled_backends,same_controlflow
103,apps/glance/glance/api/v2/images.py,If,737,738,737,737,enabled,CONF.enabled_backends,enabled_backends,CONF.enabled_backends,same_controlflow
104,apps/glance/glance/api/v2/images.py,If,739,742,739,739,enabled,CONF.enabled_backends,enabled_backends,CONF.enabled_backends,same_controlflow
105,apps/glance/glance/api/v2/images.py,If,871,904,871,871,enabled,CONF.enabled_backends,enabled_backends,CONF.enabled_backends,same_controlflow
106,apps/glance/glance/api/v2/images.py,If,871,904,890,871,debug,LOG.debug,enabled,CONF.enabled_backends,same_controlflow
107,apps/glance/glance/api/v2/images.py,If,871,904,890,871,debug,LOG.debug,enabled_backends,CONF.enabled_backends,same_controlflow
108,apps/glance/glance/api/v2/images.py,If,1048,1050,1048,1048,enabled,CONF.enabled_backends,enabled_backends,CONF.enabled_backends,same_controlflow
109,apps/glance/glance/api/v2/images.py,If,1080,1082,1080,1080,enabled,CONF.enabled_backends,enabled_backends,CONF.enabled_backends,same_controlflow
110,apps/glance/glance/api/v2/images.py,If,1770,1780,1770,1770,enabled,CONF.enabled_backends,enabled_backends,CONF.enabled_backends,same_controlflow
111,apps/glance/glance/api/v2/images.py,If,1797,1800,1797,1797,enabled,CONF.enabled_backends,enabled_backends,CONF.enabled_backends,same_controlflow
112,apps/glance/glance/api/v2/images.py,If,1797,1800,1797,1798,enabled,create.CONF.enabled_backends,enabled_backends,CONF.enabled_backends,same_controlflow
113,apps/glance/glance/api/v2/images.py,If,1797,1800,1797,1798,enabled,create.CONF.enabled_backends.keys,enabled_backends,CONF.enabled_backends,same_controlflow
114,apps/glance/glance/api/v2/images.py,If,1797,1800,1797,1798,enabled_backends,CONF.enabled_backends,key,create.CONF.enabled_backends.keys,same_controlflow
115,apps/glance/glance/api/v2/images.py,If,1797,1800,1797,1799,enabled,CONF.enabled_backends.keys,enabled_backends,CONF.enabled_backends,same_controlflow
116,apps/glance/glance/api/v2/images.py,If,1797,1800,1797,1799,enabled_backends,CONF.enabled_backends,key,CONF.enabled_backends.keys,same_controlflow
117,apps/glance/glance/api/v2/images.py,If,1797,1800,1798,1797,enabled,CONF.enabled_backends,enabled_backends,create.CONF.enabled_backends,same_controlflow
118,apps/glance/glance/api/v2/images.py,If,1797,1800,1798,1797,enabled,CONF.enabled_backends,enabled_backends,create.CONF.enabled_backends.keys,same_controlflow
119,apps/glance/glance/api/v2/images.py,If,1797,1800,1798,1797,enabled,CONF.enabled_backends,key,create.CONF.enabled_backends.keys,same_controlflow
120,apps/glance/glance/api/v2/images.py,If,1797,1800,1798,1798,enabled,create.CONF.enabled_backends,enabled_backends,create.CONF.enabled_backends,same_controlflow
121,apps/glance/glance/api/v2/images.py,If,1797,1800,1798,1798,enabled,create.CONF.enabled_backends,enabled_backends,create.CONF.enabled_backends.keys,same_controlflow
122,apps/glance/glance/api/v2/images.py,If,1797,1800,1798,1798,enabled,create.CONF.enabled_backends,key,create.CONF.enabled_backends.keys,same_controlflow
123,apps/glance/glance/api/v2/images.py,If,1797,1800,1798,1798,enabled,create.CONF.enabled_backends.keys,enabled_backends,create.CONF.enabled_backends,same_controlflow
124,apps/glance/glance/api/v2/images.py,If,1797,1800,1798,1798,enabled,create.CONF.enabled_backends.keys,enabled_backends,create.CONF.enabled_backends.keys,same_controlflow
125,apps/glance/glance/api/v2/images.py,If,1797,1800,1798,1798,enabled,create.CONF.enabled_backends.keys,key,create.CONF.enabled_backends.keys,same_controlflow
126,apps/glance/glance/api/v2/images.py,If,1797,1800,1798,1798,enabled_backends,create.CONF.enabled_backends,key,create.CONF.enabled_backends.keys,same_controlflow
127,apps/glance/glance/api/v2/images.py,If,1797,1800,1798,1798,enabled_backends,create.CONF.enabled_backends.keys,key,create.CONF.enabled_backends.keys,same_controlflow
128,apps/glance/glance/api/v2/images.py,If,1797,1800,1798,1799,enabled,CONF.enabled_backends.keys,enabled_backends,create.CONF.enabled_backends,same_controlflow
129,apps/glance/glance/api/v2/images.py,If,1797,1800,1798,1799,enabled,CONF.enabled_backends.keys,enabled_backends,create.CONF.enabled_backends.keys,same_controlflow
130,apps/glance/glance/api/v2/images.py,If,1797,1800,1798,1799,enabled,CONF.enabled_backends.keys,key,create.CONF.enabled_backends.keys,same_controlflow
131,apps/glance/glance/api/v2/images.py,If,1797,1800,1798,1799,enabled_backends,create.CONF.enabled_backends,key,CONF.enabled_backends.keys,same_controlflow
132,apps/glance/glance/api/v2/images.py,If,1797,1800,1798,1799,enabled_backends,create.CONF.enabled_backends.keys,key,CONF.enabled_backends.keys,same_controlflow
133,apps/glance/glance/api/v2/images.py,If,1797,1800,1799,1797,enabled,CONF.enabled_backends,enabled_backends,CONF.enabled_backends.keys,same_controlflow
134,apps/glance/glance/api/v2/images.py,If,1797,1800,1799,1797,enabled,CONF.enabled_backends,key,CONF.enabled_backends.keys,same_controlflow
135,apps/glance/glance/api/v2/images.py,If,1797,1800,1799,1798,enabled,create.CONF.enabled_backends,enabled_backends,CONF.enabled_backends.keys,same_controlflow
136,apps/glance/glance/api/v2/images.py,If,1797,1800,1799,1798,enabled,create.CONF.enabled_backends,key,CONF.enabled_backends.keys,same_controlflow
137,apps/glance/glance/api/v2/images.py,If,1797,1800,1799,1798,enabled,create.CONF.enabled_backends.keys,enabled_backends,CONF.enabled_backends.keys,same_controlflow
138,apps/glance/glance/api/v2/images.py,If,1797,1800,1799,1798,enabled,create.CONF.enabled_backends.keys,key,CONF.enabled_backends.keys,same_controlflow
139,apps/glance/glance/api/v2/images.py,If,1797,1800,1799,1798,enabled_backends,CONF.enabled_backends.keys,key,create.CONF.enabled_backends.keys,same_controlflow
140,apps/glance/glance/api/v2/images.py,If,1797,1800,1799,1799,enabled,CONF.enabled_backends.keys,enabled_backends,CONF.enabled_backends.keys,same_controlflow
141,apps/glance/glance/api/v2/images.py,If,1797,1800,1799,1799,enabled,CONF.enabled_backends.keys,key,CONF.enabled_backends.keys,same_controlflow
142,apps/glance/glance/api/v2/images.py,If,1797,1800,1799,1799,enabled_backends,CONF.enabled_backends.keys,key,CONF.enabled_backends.keys,same_controlflow
143,apps/glance/glance/api/v2/images.py,Try,326,427,388,388,enabled,CONF.enabled_backends,enabled_backends,CONF.enabled_backends,same_controlflow
144,apps/glance/glance/api/v2/images.py,Try,326,427,403,388,debug,LOG.debug,enabled,CONF.enabled_backends,same_controlflow
145,apps/glance/glance/api/v2/images.py,Try,326,427,403,388,debug,LOG.debug,enabled_backends,CONF.enabled_backends,same_controlflow
146,apps/glance/glance/api/v2/images.py,Try,461,506,462,488,task_executor,executor_factory.new_task_executor,user,import_image.ctxt.user_id,same_controlflow
147,apps/glance/glance/api/v2/images.py,Try,461,506,462,488,task_executor,import_image.executor_factory,user,import_image.ctxt.user_id,same_controlflow
148,apps/glance/glance/api/v2/images.py,Try,461,506,462,488,task_executor,import_image.executor_factory.new_task_executor,user,import_image.ctxt.user_id,same_controlflow
149,apps/glance/glance/api/v2/images.py,Try,461,506,466,488,task_executor,executor_factory.new_task_executor,user,ctxt.user_id,same_controlflow
150,apps/glance/glance/api/v2/images.py,Try,461,506,466,488,task_executor,import_image.executor_factory,user,ctxt.user_id,same_controlflow
151,apps/glance/glance/api/v2/images.py,Try,461,506,466,488,task_executor,import_image.executor_factory.new_task_executor,user,ctxt.user_id,same_controlflow
152,apps/glance/glance/api/v2/images.py,Try,461,506,502,462,debug,LOG.debug,user,import_image.ctxt.user_id,same_controlflow
153,apps/glance/glance/api/v2/images.py,Try,461,506,502,466,debug,LOG.debug,user,ctxt.user_id,same_controlflow
154,apps/glance/glance/api/v2/images.py,Try,461,506,502,488,debug,LOG.debug,task_executor,executor_factory.new_task_executor,same_controlflow
155,apps/glance/glance/api/v2/images.py,Try,461,506,502,488,debug,LOG.debug,task_executor,import_image.executor_factory,same_controlflow
156,apps/glance/glance/api/v2/images.py,Try,461,506,502,488,debug,LOG.debug,task_executor,import_image.executor_factory.new_task_executor,same_controlflow
157,apps/glance/glance/api/v2/images.py,Try,543,576,573,550,debug,LOG.debug,key,index.sort_key,same_controlflow
158,apps/glance/glance/api/v2/images.py,Try,543,576,573,556,debug,LOG.debug,key,index.images,same_controlflow
159,apps/glance/glance/api/v2/images.py,Try,851,929,871,871,enabled,CONF.enabled_backends,enabled_backends,CONF.enabled_backends,same_controlflow
160,apps/glance/glance/api/v2/images.py,Try,851,929,871,907,enabled_backends,CONF.enabled_backends,key,self._delete_encryption_key,same_controlflow
161,apps/glance/glance/api/v2/images.py,Try,851,929,907,871,enabled,CONF.enabled_backends,key,self._delete_encryption_key,same_controlflow
162,apps/glance/glance/api/v2/images.py,Try,851,929,910,871,debug,LOG.debug,enabled,CONF.enabled_backends,same_controlflow
163,apps/glance/glance/api/v2/images.py,Try,851,929,910,871,debug,LOG.debug,enabled_backends,CONF.enabled_backends,same_controlflow
164,apps/glance/glance/api/v2/images.py,Try,851,929,910,907,debug,LOG.debug,key,self._delete_encryption_key,same_controlflow
165,apps/glance/glance/api/v2/images.py,Try,1140,1216,1174,1172,task_executor,add_location.self.gateway.get_task_executor_factory,user,add_location.ctxt.user_id,same_controlflow
166,apps/glance/glance/api/v2/images.py,Try,1140,1216,1174,1172,task_executor,self.gateway.get_task_executor_factory,user,add_location.ctxt.user_id,same_controlflow
167,apps/glance/glance/api/v2/images.py,Try,1140,1216,1174,1201,task_executor,add_location.executor_factory,user,add_location.ctxt.user_id,same_controlflow
168,apps/glance/glance/api/v2/images.py,Try,1140,1216,1174,1201,task_executor,add_location.executor_factory.new_task_executor,user,add_location.ctxt.user_id,same_controlflow
169,apps/glance/glance/api/v2/images.py,Try,1140,1216,1174,1201,task_executor,executor_factory.new_task_executor,user,add_location.ctxt.user_id,same_controlflow
170,apps/glance/glance/api/v2/images.py,Try,1140,1216,1179,1172,task_executor,add_location.self.gateway.get_task_executor_factory,user,ctxt.user_id,same_controlflow
171,apps/glance/glance/api/v2/images.py,Try,1140,1216,1179,1172,task_executor,self.gateway.get_task_executor_factory,user,ctxt.user_id,same_controlflow
172,apps/glance/glance/api/v2/images.py,Try,1140,1216,1179,1201,task_executor,add_location.executor_factory,user,ctxt.user_id,same_controlflow
173,apps/glance/glance/api/v2/images.py,Try,1140,1216,1179,1201,task_executor,add_location.executor_factory.new_task_executor,user,ctxt.user_id,same_controlflow
174,apps/glance/glance/api/v2/images.py,Try,1140,1216,1179,1201,task_executor,executor_factory.new_task_executor,user,ctxt.user_id,same_controlflow
175,apps/glance/glance/api/v2/images.py,Try,1140,1216,1209,1172,debug,LOG.debug,task_executor,add_location.self.gateway.get_task_executor_factory,same_controlflow
176,apps/glance/glance/api/v2/images.py,Try,1140,1216,1209,1172,debug,LOG.debug,task_executor,self.gateway.get_task_executor_factory,same_controlflow
177,apps/glance/glance/api/v2/images.py,Try,1140,1216,1209,1174,debug,LOG.debug,user,add_location.ctxt.user_id,same_controlflow
178,apps/glance/glance/api/v2/images.py,Try,1140,1216,1209,1179,debug,LOG.debug,user,ctxt.user_id,same_controlflow
179,apps/glance/glance/api/v2/images.py,Try,1140,1216,1209,1201,debug,LOG.debug,task_executor,add_location.executor_factory,same_controlflow
180,apps/glance/glance/api/v2/images.py,Try,1140,1216,1209,1201,debug,LOG.debug,task_executor,add_location.executor_factory.new_task_executor,same_controlflow
181,apps/glance/glance/api/v2/images.py,Try,1140,1216,1209,1201,debug,LOG.debug,task_executor,executor_factory.new_task_executor,same_controlflow
182,apps/glance/glance/api/v2/images.py,Try,1721,1784,1749,1770,debug,LOG.debug,enabled,CONF.enabled_backends,same_controlflow
183,apps/glance/glance/api/v2/images.py,Try,1721,1784,1749,1770,debug,LOG.debug,enabled_backends,CONF.enabled_backends,same_controlflow
184,apps/glance/glance/api/v2/images.py,Try,1721,1784,1770,1770,enabled,CONF.enabled_backends,enabled_backends,CONF.enabled_backends,same_controlflow
185,apps/glance/glance/api/v2/metadef_namespaces.py,Try,63,129,125,84,debug,LOG.debug,key,index.sort_key,same_controlflow
186,apps/glance/glance/api/v2/metadef_namespaces.py,Try,63,129,125,88,debug,LOG.debug,key,index.database_ns_list,same_controlflow
187,apps/glance/glance/api/v2/metadef_namespaces.py,Try,63,129,125,115,debug,LOG.debug,key,index.ns_list,same_controlflow
188,apps/glance/glance/api/v2/metadef_namespaces.py,Try,354,386,380,363,debug,LOG.debug,user,user_ns.namespace,same_controlflow
189,apps/glance/glance/api/v2/metadef_namespaces.py,Try,354,386,380,364,debug,LOG.debug,user,user_ns.display_name,same_controlflow
190,apps/glance/glance/api/v2/metadef_namespaces.py,Try,354,386,380,365,debug,LOG.debug,user,user_ns.description,same_controlflow
191,apps/glance/glance/api/v2/metadef_namespaces.py,Try,354,386,380,369,debug,LOG.debug,user,user_ns.visibility,same_controlflow
192,apps/glance/glance/api/v2/metadef_namespaces.py,Try,354,386,380,371,debug,LOG.debug,user,user_ns.protected,same_controlflow
193,apps/glance/glance/api/v2/metadef_namespaces.py,Try,354,386,380,373,debug,LOG.debug,user,user_ns.owner,same_controlflow
194,apps/glance/glance/api/v2/metadef_objects.py,Try,98,140,136,120,debug,LOG.debug,key,index.sort_key,same_controlflow
195,apps/glance/glance/api/v2/metadef_objects.py,Try,98,140,136,124,debug,LOG.debug,key,index.db_metaobject_list,same_controlflow
196,apps/glance/glance/api/v2/metadef_tags.py,Try,152,183,179,169,debug,LOG.debug,key,index.sort_key,same_controlflow
197,apps/glance/glance/api/v2/metadef_tags.py,Try,152,183,179,173,debug,LOG.debug,key,index.db_metatag_list,same_controlflow
198,apps/glance/glance/api/v2/tasks.py,Try,76,92,77,85,task_executor,create.executor_factory,user,create.ctxt.user_id,same_controlflow
199,apps/glance/glance/api/v2/tasks.py,Try,76,92,77,85,task_executor,create.executor_factory.new_task_executor,user,create.ctxt.user_id,same_controlflow
200,apps/glance/glance/api/v2/tasks.py,Try,76,92,77,85,task_executor,executor_factory.new_task_executor,user,create.ctxt.user_id,same_controlflow
201,apps/glance/glance/api/v2/tasks.py,Try,76,92,82,85,task_executor,create.executor_factory,user,ctxt.user_id,same_controlflow
202,apps/glance/glance/api/v2/tasks.py,Try,76,92,82,85,task_executor,create.executor_factory.new_task_executor,user,ctxt.user_id,same_controlflow
203,apps/glance/glance/api/v2/tasks.py,Try,76,92,82,85,task_executor,executor_factory.new_task_executor,user,ctxt.user_id,same_controlflow
204,apps/glance/glance/api/versions.py,,,,93,93,enabled,CONF.enabled_backends,enabled_backends,CONF.enabled_backends,same_line
205,apps/glance/glance/api/versions.py,If,93,105,93,93,enabled,CONF.enabled_backends,enabled_backends,CONF.enabled_backends,same_controlflow
206,apps/glance/glance/async_/flows/_internal_plugins/base_download.py,,,,52,52,enabled,CONF.enabled_backends,enabled_backends,CONF.enabled_backends,same_line
207,apps/glance/glance/async_/flows/_internal_plugins/base_download.py,,,,122,122,enabled,CONF.enabled_backends,enabled_backends,CONF.enabled_backends,same_line
208,apps/glance/glance/async_/flows/_internal_plugins/base_download.py,If,52,64,52,52,enabled,CONF.enabled_backends,enabled_backends,CONF.enabled_backends,same_controlflow
209,apps/glance/glance/async_/flows/_internal_plugins/base_download.py,If,118,129,119,122,debug,LOG.debug,enabled,CONF.enabled_backends,same_controlflow
210,apps/glance/glance/async_/flows/_internal_plugins/base_download.py,If,118,129,119,122,debug,LOG.debug,enabled_backends,CONF.enabled_backends,same_controlflow
211,apps/glance/glance/async_/flows/_internal_plugins/base_download.py,If,118,129,122,122,enabled,CONF.enabled_backends,enabled_backends,CONF.enabled_backends,same_controlflow
212,apps/glance/glance/async_/flows/_internal_plugins/base_download.py,If,122,125,122,122,enabled,CONF.enabled_backends,enabled_backends,CONF.enabled_backends,same_controlflow
213,apps/glance/glance/async_/flows/_internal_plugins/base_download.py,Try,121,129,122,122,enabled,CONF.enabled_backends,enabled_backends,CONF.enabled_backends,same_controlflow
214,apps/glance/glance/async_/flows/_internal_plugins/copy_image.py,,,,100,100,enabled,CONF.enabled_backends,enabled_backends,CONF.enabled_backends,same_line
215,apps/glance/glance/async_/flows/_internal_plugins/copy_image.py,,,,100,100,enabled,CONF.enabled_backends,enabled_backends,_execute.CONF.enabled_backends,same_line
216,apps/glance/glance/async_/flows/_internal_plugins/copy_image.py,,,,100,100,enabled,_execute.CONF.enabled_backends,enabled_backends,CONF.enabled_backends,same_line
217,apps/glance/glance/async_/flows/_internal_plugins/copy_image.py,,,,100,100,enabled,_execute.CONF.enabled_backends,enabled_backends,_execute.CONF.enabled_backends,same_line
218,apps/glance/glance/async_/flows/_internal_plugins/copy_image.py,If,65,85,75,71,debug,LOG.debug,filesystem_store_datadir,_execute.file_path,same_controlflow
219,apps/glance/glance/async_/flows/api_image_import.py,,,,438,438,enabled,CONF.enabled_backends,enabled_backends,CONF.enabled_backends,same_line
220,apps/glance/glance/async_/flows/api_image_import.py,,,,530,530,enabled,CONF.enabled_backends,enabled_backends,CONF.enabled_backends,same_line
221,apps/glance/glance/async_/flows/api_image_import.py,,,,918,918,enabled,CONF.enabled_backends,enabled_backends,CONF.enabled_backends,same_line
222,apps/glance/glance/async_/flows/api_image_import.py,,,,928,928,enabled,CONF.enabled_backends,enabled_backends,CONF.enabled_backends,same_line
223,apps/glance/glance/async_/flows/api_image_import.py,,,,944,944,enabled,CONF.enabled_backends,enabled_backends,CONF.enabled_backends,same_line
224,apps/glance/glance/async_/flows/api_image_import.py,If,264,273,266,271,debug,LOG.debug,key,merge_store_list.existing,same_controlflow
225,apps/glance/glance/async_/flows/api_image_import.py,If,438,465,438,438,enabled,CONF.enabled_backends,enabled_backends,CONF.enabled_backends,same_controlflow
226,apps/glance/glance/async_/flows/api_image_import.py,If,438,465,453,438,debug,LOG.debug,enabled,CONF.enabled_backends,same_controlflow
227,apps/glance/glance/async_/flows/api_image_import.py,If,438,465,453,438,debug,LOG.debug,enabled_backends,CONF.enabled_backends,same_controlflow
228,apps/glance/glance/async_/flows/api_image_import.py,If,530,534,530,530,enabled,CONF.enabled_backends,enabled_backends,CONF.enabled_backends,same_controlflow
229,apps/glance/glance/async_/flows/api_image_import.py,If,918,919,918,918,enabled,CONF.enabled_backends,enabled_backends,CONF.enabled_backends,same_controlflow
230,apps/glance/glance/async_/flows/api_image_import.py,If,927,932,928,928,enabled,CONF.enabled_backends,enabled_backends,CONF.enabled_backends,same_controlflow
231,apps/glance/glance/async_/flows/api_image_import.py,If,928,932,928,928,enabled,CONF.enabled_backends,enabled_backends,CONF.enabled_backends,same_controlflow
232,apps/glance/glance/async_/flows/api_image_import.py,If,938,950,944,944,enabled,CONF.enabled_backends,enabled_backends,CONF.enabled_backends,same_controlflow
233,apps/glance/glance/async_/flows/api_image_import.py,If,944,948,944,944,enabled,CONF.enabled_backends,enabled_backends,CONF.enabled_backends,same_controlflow
234,apps/glance/glance/async_/flows/base_import.py,,,,100,100,enabled,CONF.enabled_backends,enabled_backends,CONF.enabled_backends,same_line
235,apps/glance/glance/async_/flows/base_import.py,,,,204,204,enabled,CONF.enabled_backends,enabled_backends,CONF.enabled_backends,same_line
236,apps/glance/glance/async_/flows/base_import.py,,,,223,223,enabled,CONF.enabled_backends,enabled_backends,CONF.enabled_backends,same_line
237,apps/glance/glance/async_/flows/base_import.py,If,100,112,100,100,enabled,CONF.enabled_backends,enabled_backends,CONF.enabled_backends,same_controlflow
238,apps/glance/glance/async_/flows/base_import.py,If,203,207,204,204,enabled,CONF.enabled_backends,enabled_backends,CONF.enabled_backends,same_controlflow
239,apps/glance/glance/async_/flows/base_import.py,If,204,207,204,204,enabled,CONF.enabled_backends,enabled_backends,CONF.enabled_backends,same_controlflow
240,apps/glance/glance/async_/flows/base_import.py,If,223,226,223,223,enabled,CONF.enabled_backends,enabled_backends,CONF.enabled_backends,same_controlflow
241,apps/glance/glance/async_/flows/convert.py,,,,119,119,enabled,CONF.enabled_backends,enabled_backends,CONF.enabled_backends,same_line
242,apps/glance/glance/async_/flows/convert.py,If,119,121,119,119,enabled,CONF.enabled_backends,enabled_backends,CONF.enabled_backends,same_controlflow
243,apps/glance/glance/async_/flows/convert.py,If,119,121,119,120,enabled_backends,CONF.enabled_backends,filesystem_store_datadir,execute.filesystem_store_datadir,same_controlflow
244,apps/glance/glance/async_/flows/convert.py,If,119,121,119,120,enabled_backends,CONF.enabled_backends,filesystem_store_datadir,filesystem_store_datadir,same_controlflow
245,apps/glance/glance/async_/flows/convert.py,If,119,121,120,119,enabled,CONF.enabled_backends,filesystem_store_datadir,execute.filesystem_store_datadir,same_controlflow
246,apps/glance/glance/async_/flows/convert.py,If,119,121,120,119,enabled,CONF.enabled_backends,filesystem_store_datadir,filesystem_store_datadir,same_controlflow
247,apps/glance/glance/async_/flows/location_import.py,,,,237,237,enabled,CONF.enabled_backends,enabled_backends,CONF.enabled_backends,same_line
248,apps/glance/glance/async_/flows/location_import.py,If,237,239,237,237,enabled,CONF.enabled_backends,enabled_backends,CONF.enabled_backends,same_controlflow
249,apps/glance/glance/async_/flows/location_import.py,Try,230,244,237,237,enabled,CONF.enabled_backends,enabled_backends,CONF.enabled_backends,same_controlflow
250,apps/glance/glance/async_/flows/ovf_process.py,,,,61,61,enabled,CONF.enabled_backends,enabled_backends,CONF.enabled_backends,same_line
251,apps/glance/glance/async_/flows/ovf_process.py,If,61,63,61,61,enabled,CONF.enabled_backends,enabled_backends,CONF.enabled_backends,same_controlflow
252,apps/glance/glance/async_/flows/ovf_process.py,If,61,63,61,62,enabled_backends,CONF.enabled_backends,filesystem_store_datadir,_get_extracted_file_path.filesystem_store_datadir,same_controlflow
253,apps/glance/glance/async_/flows/ovf_process.py,If,61,63,61,62,enabled_backends,CONF.enabled_backends,filesystem_store_datadir,filesystem_store_datadir,same_controlflow
254,apps/glance/glance/async_/flows/ovf_process.py,If,61,63,62,61,enabled,CONF.enabled_backends,filesystem_store_datadir,_get_extracted_file_path.filesystem_store_datadir,same_controlflow
255,apps/glance/glance/async_/flows/ovf_process.py,If,61,63,62,61,enabled,CONF.enabled_backends,filesystem_store_datadir,filesystem_store_datadir,same_controlflow
256,apps/glance/glance/async_/flows/plugins/image_conversion.py,If,132,148,136,138,debug,LOG.debug,filesystem_store_datadir,_execute.file_path,same_controlflow
257,apps/glance/glance/async_/flows/plugins/image_conversion.py,If,133,138,136,138,debug,LOG.debug,filesystem_store_datadir,_execute.file_path,same_controlflow
258,apps/glance/glance/async_/flows/plugins/image_conversion.py,If,208,211,209,211,debug,LOG.debug,filesystem_store_datadir,_execute.file_path,same_controlflow
259,apps/glance/glance/cmd/api.py,If,82,89,88,82,bind_host,CONF.bind_host,enabled,CONF.profiler.enabled,same_controlflow
260,apps/glance/glance/cmd/api.py,Try,74,98,88,82,bind_host,CONF.bind_host,enabled,CONF.profiler.enabled,same_controlflow
261,apps/glance/glance/cmd/cache_manage.py,,,,289,289,user,get_client.options.os_user_domain_id,user_domain_id,get_client.options.os_user_domain_id,same_line
262,apps/glance/glance/cmd/cache_manage.py,,,,289,289,user,get_client.options.os_user_domain_id,user_domain_id,options.os_user_domain_id,same_line
263,apps/glance/glance/cmd/cache_manage.py,,,,289,289,user,options.os_user_domain_id,user_domain_id,get_client.options.os_user_domain_id,same_line
264,apps/glance/glance/cmd/cache_manage.py,,,,289,289,user,options.os_user_domain_id,user_domain_id,options.os_user_domain_id,same_line
265,apps/glance/glance/cmd/cache_prefetcher.py,,,,55,55,enabled,CONF.enabled_backends,enabled_backends,CONF.enabled_backends,same_line
266,apps/glance/glance/cmd/cache_prefetcher.py,If,55,62,55,55,enabled,CONF.enabled_backends,enabled_backends,CONF.enabled_backends,same_controlflow
267,apps/glance/glance/cmd/cache_prefetcher.py,Try,49,67,55,55,enabled,CONF.enabled_backends,enabled_backends,CONF.enabled_backends,same_controlflow
268,apps/glance/glance/cmd/replicator.py,If,424,427,425,424,debug,LOG.debug,key,a.keys,same_controlflow
269,apps/glance/glance/cmd/replicator.py,If,424,427,425,424,debug,LOG.debug,key,b.keys,same_controlflow
270,apps/glance/glance/cmd/scrubber.py,,,,61,61,enabled,CONF.enabled_backends,enabled_backends,CONF.enabled_backends,same_line
271,apps/glance/glance/cmd/scrubber.py,If,61,68,61,61,enabled,CONF.enabled_backends,enabled_backends,CONF.enabled_backends,same_controlflow
272,apps/glance/glance/cmd/scrubber.py,Try,53,93,61,61,enabled,CONF.enabled_backends,enabled_backends,CONF.enabled_backends,same_controlflow
273,apps/glance/glance/common/store_utils.py,,,,55,55,enabled,CONF.enabled_backends,enabled_backends,CONF.enabled_backends,same_line
274,apps/glance/glance/common/store_utils.py,,,,152,152,enabled,CONF.enabled_backends,enabled_backends,CONF.enabled_backends,same_line
275,apps/glance/glance/common/store_utils.py,,,,186,186,enabled,CONF.enabled_backends,enabled_backends,CONF.enabled_backends,same_line
276,apps/glance/glance/common/store_utils.py,For,183,203,186,186,enabled,CONF.enabled_backends,enabled_backends,CONF.enabled_backends,same_controlflow
277,apps/glance/glance/common/store_utils.py,For,183,203,195,186,debug,LOG.debug,enabled,CONF.enabled_backends,same_controlflow
278,apps/glance/glance/common/store_utils.py,For,183,203,195,186,debug,LOG.debug,enabled_backends,CONF.enabled_backends,same_controlflow
279,apps/glance/glance/common/store_utils.py,If,55,62,55,55,enabled,CONF.enabled_backends,enabled_backends,CONF.enabled_backends,same_controlflow
280,apps/glance/glance/common/store_utils.py,If,152,153,152,152,enabled,CONF.enabled_backends,enabled_backends,CONF.enabled_backends,same_controlflow
281,apps/glance/glance/common/store_utils.py,If,184,203,186,186,enabled,CONF.enabled_backends,enabled_backends,CONF.enabled_backends,same_controlflow
282,apps/glance/glance/common/store_utils.py,If,184,203,195,186,debug,LOG.debug,enabled,CONF.enabled_backends,same_controlflow
283,apps/glance/glance/common/store_utils.py,If,184,203,195,186,debug,LOG.debug,enabled_backends,CONF.enabled_backends,same_controlflow
284,apps/glance/glance/common/store_utils.py,Try,54,80,55,55,enabled,CONF.enabled_backends,enabled_backends,CONF.enabled_backends,same_controlflow
285,apps/glance/glance/common/swift_store_utils.py,,,,109,109,key,CONF.swift_store_key,swift_store_key,CONF.swift_store_key,same_line
286,apps/glance/glance/common/swift_store_utils.py,,,,109,109,key,CONF.swift_store_key,swift_store_user,CONF.swift_store_user,same_line
287,apps/glance/glance/common/swift_store_utils.py,,,,109,109,key,CONF.swift_store_key,user,CONF.swift_store_user,same_line
288,apps/glance/glance/common/swift_store_utils.py,,,,109,109,swift_store_key,CONF.swift_store_key,swift_store_user,CONF.swift_store_user,same_line
289,apps/glance/glance/common/swift_store_utils.py,,,,109,109,swift_store_key,CONF.swift_store_key,user,CONF.swift_store_user,same_line
290,apps/glance/glance/common/swift_store_utils.py,,,,109,109,swift_store_user,CONF.swift_store_user,user,CONF.swift_store_user,same_line
291,apps/glance/glance/common/swift_store_utils.py,,,,110,110,auth_address,CONF.swift_store_auth_address,swift_store_auth_address,CONF.swift_store_auth_address,same_line
292,apps/glance/glance/common/swift_store_utils.py,,,,111,111,swift_store_user,CONF.swift_store_user,user,CONF.swift_store_user,same_line
293,apps/glance/glance/common/swift_store_utils.py,,,,112,112,key,CONF.swift_store_key,swift_store_key,CONF.swift_store_key,same_line
294,apps/glance/glance/common/swift_store_utils.py,,,,113,113,auth_address,CONF.swift_store_auth_address,swift_store_auth_address,CONF.swift_store_auth_address,same_line
295,apps/glance/glance/common/swift_store_utils.py,If,109,114,109,109,key,CONF.swift_store_key,swift_store_key,CONF.swift_store_key,same_controlflow
296,apps/glance/glance/common/swift_store_utils.py,If,109,114,109,109,key,CONF.swift_store_key,swift_store_user,CONF.swift_store_user,same_controlflow
297,apps/glance/glance/common/swift_store_utils.py,If,109,114,109,109,key,CONF.swift_store_key,user,CONF.swift_store_user,same_controlflow
298,apps/glance/glance/common/swift_store_utils.py,If,109,114,109,109,swift_store_key,CONF.swift_store_key,swift_store_user,CONF.swift_store_user,same_controlflow
299,apps/glance/glance/common/swift_store_utils.py,If,109,114,109,109,swift_store_key,CONF.swift_store_key,user,CONF.swift_store_user,same_controlflow
300,apps/glance/glance/common/swift_store_utils.py,If,109,114,109,109,swift_store_user,CONF.swift_store_user,user,CONF.swift_store_user,same_controlflow
301,apps/glance/glance/common/swift_store_utils.py,If,109,114,109,113,auth_address,CONF.swift_store_auth_address,key,CONF.swift_store_key,same_controlflow
302,apps/glance/glance/common/swift_store_utils.py,If,109,114,109,113,auth_address,CONF.swift_store_auth_address,swift_store_key,CONF.swift_store_key,same_controlflow
303,apps/glance/glance/common/swift_store_utils.py,If,109,114,109,113,auth_address,CONF.swift_store_auth_address,swift_store_user,CONF.swift_store_user,same_controlflow
304,apps/glance/glance/common/swift_store_utils.py,If,109,114,109,113,auth_address,CONF.swift_store_auth_address,user,CONF.swift_store_user,same_controlflow
305,apps/glance/glance/common/swift_store_utils.py,If,109,114,109,114,default_swift_reference,CONF.default_swift_reference,swift_store_key,CONF.swift_store_key,same_controlflow
306,apps/glance/glance/common/swift_store_utils.py,If,109,114,109,114,default_swift_reference,CONF.default_swift_reference,swift_store_user,CONF.swift_store_user,same_controlflow
307,apps/glance/glance/common/swift_store_utils.py,If,109,114,113,109,key,CONF.swift_store_key,swift_store_auth_address,CONF.swift_store_auth_address,same_controlflow
308,apps/glance/glance/common/swift_store_utils.py,If,109,114,113,109,swift_store_auth_address,CONF.swift_store_auth_address,swift_store_key,CONF.swift_store_key,same_controlflow
309,apps/glance/glance/common/swift_store_utils.py,If,109,114,113,109,swift_store_auth_address,CONF.swift_store_auth_address,swift_store_user,CONF.swift_store_user,same_controlflow
310,apps/glance/glance/common/swift_store_utils.py,If,109,114,113,109,swift_store_auth_address,CONF.swift_store_auth_address,user,CONF.swift_store_user,same_controlflow
311,apps/glance/glance/common/swift_store_utils.py,If,109,114,113,113,auth_address,CONF.swift_store_auth_address,swift_store_auth_address,CONF.swift_store_auth_address,same_controlflow
312,apps/glance/glance/common/swift_store_utils.py,If,109,114,113,114,default_swift_reference,CONF.default_swift_reference,swift_store_auth_address,CONF.swift_store_auth_address,same_controlflow
313,apps/glance/glance/common/swift_store_utils.py,If,109,114,114,109,default_swift_reference,CONF.default_swift_reference,key,CONF.swift_store_key,same_controlflow
314,apps/glance/glance/common/swift_store_utils.py,If,109,114,114,109,default_swift_reference,CONF.default_swift_reference,user,CONF.swift_store_user,same_controlflow
315,apps/glance/glance/common/swift_store_utils.py,If,109,114,114,113,auth_address,CONF.swift_store_auth_address,default_swift_reference,CONF.default_swift_reference,same_controlflow
316,apps/glance/glance/common/utils.py,,,,552,552,backlog,stash_conf_values.CONF.backlog,bind_host,stash_conf_values.CONF.bind_host,same_line
317,apps/glance/glance/common/utils.py,,,,552,552,backlog,stash_conf_values.CONF.backlog,bind_port,stash_conf_values.CONF.bind_port,same_line
318,apps/glance/glance/common/utils.py,,,,552,552,bind_host,stash_conf_values.CONF.bind_host,bind_port,stash_conf_values.CONF.bind_port,same_line
319,apps/glance/glance/common/utils.py,,,,558,558,backlog,stash_conf_values.conf,bind_host,stash_conf_values.conf,same_line
320,apps/glance/glance/common/utils.py,,,,558,558,backlog,stash_conf_values.conf,bind_port,stash_conf_values.conf,same_line
321,apps/glance/glance/common/utils.py,,,,558,558,bind_host,stash_conf_values.conf,bind_port,stash_conf_values.conf,same_line
322,apps/glance/glance/common/utils.py,,,,668,668,enabled,CONF.enabled_backends,enabled_backends,CONF.enabled_backends,same_line
323,apps/glance/glance/common/utils.py,,,,668,668,enabled,CONF.enabled_backends,enabled_backends,_get_available_stores.CONF.enabled_backends,same_line
324,apps/glance/glance/common/utils.py,,,,668,668,enabled,_get_available_stores.CONF.enabled_backends,enabled_backends,CONF.enabled_backends,same_line
325,apps/glance/glance/common/utils.py,,,,668,668,enabled,_get_available_stores.CONF.enabled_backends,enabled_backends,_get_available_stores.CONF.enabled_backends,same_line
326,apps/glance/glance/common/utils.py,,,,715,715,enabled,CONF.enabled_backends,enabled_backends,CONF.enabled_backends,same_line
327,apps/glance/glance/common/utils.py,,,,743,743,enabled,CONF.enabled_backends,enabled_backends,CONF.enabled_backends,same_line
328,apps/glance/glance/common/utils.py,,,,743,743,enabled,CONF.enabled_backends,enabled_backends,is_http_store_configured.CONF.enabled_backends,same_line
329,apps/glance/glance/common/utils.py,,,,743,743,enabled,is_http_store_configured.CONF.enabled_backends,enabled_backends,CONF.enabled_backends,same_line
330,apps/glance/glance/common/utils.py,,,,743,743,enabled,is_http_store_configured.CONF.enabled_backends,enabled_backends,is_http_store_configured.CONF.enabled_backends,same_line
331,apps/glance/glance/common/utils.py,,,,745,745,enabled,enabled_backends.values,enabled_backends,enabled_backends.values,same_line
332,apps/glance/glance/common/utils.py,If,715,716,715,715,enabled,CONF.enabled_backends,enabled_backends,CONF.enabled_backends,same_controlflow
333,apps/glance/glance/common/utils.py,If,744,747,745,745,enabled,enabled_backends.values,enabled_backends,enabled_backends.values,same_controlflow
334,apps/glance/glance/common/wsgi.py,,,,291,291,bind_host,CONF.bind_host,bind_port,CONF.bind_port,same_line
335,apps/glance/glance/common/wsgi.py,,,,485,485,enabled,CONF.enabled_backends,enabled_backends,CONF.enabled_backends,same_line
336,apps/glance/glance/common/wsgi.py,,,,486,486,enabled,CONF.enabled_backends,enabled_backends,CONF.enabled_backends,same_line
337,apps/glance/glance/common/wsgi.py,If,484,493,485,485,enabled,CONF.enabled_backends,enabled_backends,CONF.enabled_backends,same_controlflow
338,apps/glance/glance/common/wsgi.py,If,485,493,485,485,enabled,CONF.enabled_backends,enabled_backends,CONF.enabled_backends,same_controlflow
339,apps/glance/glance/common/wsgi.py,If,486,490,486,486,enabled,CONF.enabled_backends,enabled_backends,CONF.enabled_backends,same_controlflow
340,apps/glance/glance/common/wsgi.py,Try,514,524,521,520,client_socket_timeout,self.client_socket_timeout,http_keepalive,CONF.http_keepalive,same_controlflow
341,apps/glance/glance/common/wsgi_app.py,,,,130,130,enabled,CONF.enabled_backends,enabled_backends,CONF.enabled_backends,same_line
342,apps/glance/glance/common/wsgi_app.py,,,,131,131,enabled,CONF.enabled_backends,enabled_backends,CONF.enabled_backends,same_line
343,apps/glance/glance/common/wsgi_app.py,If,74,79,79,74,bind_host,CONF.bind_host,enabled,CONF.profiler.enabled,same_controlflow
344,apps/glance/glance/common/wsgi_app.py,If,130,142,130,130,enabled,CONF.enabled_backends,enabled_backends,CONF.enabled_backends,same_controlflow
345,apps/glance/glance/common/wsgi_app.py,If,131,135,131,131,enabled,CONF.enabled_backends,enabled_backends,CONF.enabled_backends,same_controlflow
346,apps/glance/glance/db/simple/api.py,,,,512,512,key,image_get_all.images,user,image_get_all.admin_as_user,same_line
347,apps/glance/glance/db/simple/api.py,,,,512,512,key,image_get_all.images,user,image_get_all.images,same_line
348,apps/glance/glance/db/simple/api.py,,,,514,514,key,image_get_all.images,user,image_get_all.images,same_line
349,apps/glance/glance/db/simple/api.py,,,,514,514,key,image_get_all.sort_key,user,image_get_all.images,same_line
350,apps/glance/glance/db/simple/api.py,,,,515,515,key,image_get_all.images,user,image_get_all.images,same_line
351,apps/glance/glance/db/simple/api.py,For,272,374,281,329,key,_filter_images.key,user,_filter_images.admin_as_user,same_controlflow
352,apps/glance/glance/db/simple/api.py,For,272,374,281,345,key,_filter_images.attr_value,user,_filter_images.admin_as_user,same_controlflow
353,apps/glance/glance/db/simple/api.py,For,272,374,282,329,key,_filter_images.key,user,_filter_images.acts_as_admin,same_controlflow
354,apps/glance/glance/db/simple/api.py,For,272,374,282,345,key,_filter_images.attr_value,user,_filter_images.acts_as_admin,same_controlflow
355,apps/glance/glance/db/simple/api.py,For,1933,1956,1947,1941,debug,LOG.debug,key,metadef_tag_create_tags.tag_values.keys,same_controlflow
356,apps/glance/glance/db/simple/api.py,For,1933,1956,1947,1941,debug,LOG.debug,key,tag_values.keys,same_controlflow
357,apps/glance/glance/db/sqlalchemy/api.py,,,,90,90,enabled,CONF.profiler.enabled,trace_sqlalchemy,CONF.profiler.trace_sqlalchemy,same_line
358,apps/glance/glance/db/sqlalchemy/api.py,,,,710,710,key,_image_get_all.query,user,_image_get_all.query,same_line
359,apps/glance/glance/db/sqlalchemy/api.py,,,,714,714,key,_image_get_all.query,user,_image_get_all.query,same_line
360,apps/glance/glance/db/sqlalchemy/api.py,,,,722,722,key,_image_get_all.query,user,_image_get_all.query,same_line
361,apps/glance/glance/db/sqlalchemy/api.py,,,,726,726,key,_image_get_all.query,user,_image_get_all.query,same_line
362,apps/glance/glance/db/sqlalchemy/api.py,,,,730,730,key,_image_get_all.query,user,_image_get_all.query,same_line
363,apps/glance/glance/db/sqlalchemy/api.py,,,,744,744,key,_image_get_all.query,user,_image_get_all.query,same_line
364,apps/glance/glance/db/sqlalchemy/api.py,,,,744,744,key,_image_get_all.sort_dir,user,_image_get_all.query,same_line
365,apps/glance/glance/db/sqlalchemy/api.py,,,,744,744,key,_image_get_all.sort_key,user,_image_get_all.query,same_line
366,apps/glance/glance/db/sqlalchemy/api.py,,,,750,750,key,_image_get_all.query,user,_image_get_all.query,same_line
367,apps/glance/glance/db/sqlalchemy/api.py,,,,754,754,key,_image_get_all.query,user,_image_get_all.query,same_line
368,apps/glance/glance/db/sqlalchemy/api.py,For,725,726,726,726,key,_image_get_all.query,user,_image_get_all.query,same_controlflow
369,apps/glance/glance/db/sqlalchemy/api.py,For,729,730,730,730,key,_image_get_all.query,user,_image_get_all.query,same_controlflow
370,apps/glance/glance/db/sqlalchemy/api.py,If,82,93,90,90,enabled,CONF.profiler.enabled,trace_sqlalchemy,CONF.profiler.trace_sqlalchemy,same_controlflow
371,apps/glance/glance/db/sqlalchemy/api.py,If,84,93,90,90,enabled,CONF.profiler.enabled,trace_sqlalchemy,CONF.profiler.trace_sqlalchemy,same_controlflow
372,apps/glance/glance/db/sqlalchemy/api.py,If,90,93,90,90,enabled,CONF.profiler.enabled,trace_sqlalchemy,CONF.profiler.trace_sqlalchemy,same_controlflow
373,apps/glance/glance/db/sqlalchemy/api.py,If,706,722,714,714,key,_image_get_all.query,user,_image_get_all.query,same_controlflow
374,apps/glance/glance/db/sqlalchemy/api.py,If,709,710,710,710,key,_image_get_all.query,user,_image_get_all.query,same_controlflow
375,apps/glance/glance/db/sqlalchemy/api.py,If,711,722,714,714,key,_image_get_all.query,user,_image_get_all.query,same_controlflow
376,apps/glance/glance/db/sqlalchemy/api.py,If,724,726,726,726,key,_image_get_all.query,user,_image_get_all.query,same_controlflow
377,apps/glance/glance/db/sqlalchemy/api.py,If,728,730,730,730,key,_image_get_all.query,user,_image_get_all.query,same_controlflow
378,apps/glance/glance/db/sqlalchemy/api.py,If,753,754,754,754,key,_image_get_all.query,user,_image_get_all.query,same_controlflow
379,apps/glance/glance/db/sqlalchemy/api.py,With,83,93,90,90,enabled,CONF.profiler.enabled,trace_sqlalchemy,CONF.profiler.trace_sqlalchemy,same_controlflow
380,apps/glance/glance/domain/__init__.py,Try,512,540,530,517,debug,LOG.debug,task_executor,new_task_executor.CONF,same_controlflow
381,apps/glance/glance/domain/__init__.py,Try,512,540,530,517,debug,LOG.debug,task_executor,new_task_executor.CONF.task,same_controlflow
382,apps/glance/glance/domain/__init__.py,Try,512,540,530,517,debug,LOG.debug,task_executor,new_task_executor.CONF.task.task_executor,same_controlflow
383,apps/glance/glance/domain/__init__.py,Try,512,540,530,522,debug,LOG.debug,task_executor,new_task_executor._LW,same_controlflow
384,apps/glance/glance/domain/__init__.py,Try,512,540,530,528,debug,LOG.debug,task_executor,new_task_executor.task_executor,same_controlflow
385,apps/glance/glance/domain/__init__.py,Try,512,540,530,531,debug,LOG.debug,task_executor,new_task_executor.executor_cls,same_controlflow
386,apps/glance/glance/domain/__init__.py,Try,512,540,530,531,debug,LOG.debug,task_executor,new_task_executor.importutils,same_controlflow
387,apps/glance/glance/domain/__init__.py,Try,512,540,530,531,debug,LOG.debug,task_executor,new_task_executor.importutils.import_class,same_controlflow
388,apps/glance/glance/domain/__init__.py,Try,512,540,530,540,debug,LOG.debug,task_executor,CONF.task.task_executor,same_controlflow
389,apps/glance/glance/housekeeping.py,,,,37,37,enabled,CONF.enabled_backends,enabled_backends,CONF.enabled_backends,same_line
390,apps/glance/glance/housekeeping.py,If,37,40,37,37,enabled,CONF.enabled_backends,enabled_backends,CONF.enabled_backends,same_controlflow
391,apps/glance/glance/image_cache/client.py,,,,102,102,project_domain_id,get_client.project_domain_id,user,get_client.user_domain_id,same_line
392,apps/glance/glance/image_cache/client.py,,,,102,102,project_domain_id,get_client.project_domain_id,user,get_client.user_domain_id,same_line
393,apps/glance/glance/image_cache/client.py,,,,102,102,project_domain_id,get_client.project_domain_id,user,get_client.user_domain_id,same_line
394,apps/glance/glance/image_cache/client.py,,,,102,102,project_domain_id,get_client.project_domain_id,user,get_client.user_domain_id,same_line
395,apps/glance/glance/image_cache/client.py,,,,102,102,project_domain_id,get_client.project_domain_id,user,get_client.username,same_line
396,apps/glance/glance/image_cache/client.py,,,,102,102,project_domain_id,get_client.project_domain_id,user,get_client.username,same_line
397,apps/glance/glance/image_cache/client.py,,,,102,102,project_domain_id,get_client.project_domain_id,user_domain_id,get_client.user_domain_id,same_line
398,apps/glance/glance/image_cache/client.py,,,,102,102,project_domain_id,get_client.project_domain_id,user_domain_id,get_client.user_domain_id,same_line
399,apps/glance/glance/image_cache/client.py,,,,102,102,project_domain_id,get_client.project_domain_id,user_domain_id,get_client.user_domain_id,same_line
400,apps/glance/glance/image_cache/client.py,,,,102,102,project_domain_id,get_client.project_domain_id,user_domain_id,get_client.user_domain_id,same_line
401,apps/glance/glance/image_cache/client.py,,,,102,102,user,get_client.user_domain_id,user_domain_id,get_client.user_domain_id,same_line
402,apps/glance/glance/image_cache/client.py,,,,102,102,user,get_client.user_domain_id,user_domain_id,get_client.user_domain_id,same_line
403,apps/glance/glance/image_cache/client.py,,,,102,102,user,get_client.user_domain_id,user_domain_id,get_client.user_domain_id,same_line
404,apps/glance/glance/image_cache/client.py,,,,102,102,user,get_client.user_domain_id,user_domain_id,get_client.user_domain_id,same_line
405,apps/glance/glance/image_cache/client.py,,,,102,102,user,get_client.username,user_domain_id,get_client.user_domain_id,same_line
406,apps/glance/glance/image_cache/client.py,,,,102,102,user,get_client.username,user_domain_id,get_client.user_domain_id,same_line
407,apps/glance/glance/image_cache/prefetcher.py,,,,59,59,enabled,CONF.enabled_backends,enabled_backends,CONF.enabled_backends,same_line
408,apps/glance/glance/image_cache/prefetcher.py,For,58,73,59,59,enabled,CONF.enabled_backends,enabled_backends,CONF.enabled_backends,same_controlflow
409,apps/glance/glance/image_cache/prefetcher.py,For,58,73,67,59,debug,LOG.debug,enabled,CONF.enabled_backends,same_controlflow
410,apps/glance/glance/image_cache/prefetcher.py,For,58,73,67,59,debug,LOG.debug,enabled_backends,CONF.enabled_backends,same_controlflow
411,apps/glance/glance/image_cache/prefetcher.py,If,59,65,59,59,enabled,CONF.enabled_backends,enabled_backends,CONF.enabled_backends,same_controlflow
412,apps/glance/glance/location.py,,,,65,65,enabled,CONF.enabled_backends,enabled_backends,CONF.enabled_backends,same_line
413,apps/glance/glance/location.py,,,,71,71,enabled,CONF.enabled_backends,enabled_backends,CONF.enabled_backends,same_line
414,apps/glance/glance/location.py,,,,99,99,enabled,CONF.enabled_backends,enabled_backends,CONF.enabled_backends,same_line
415,apps/glance/glance/location.py,,,,135,135,enabled,CONF.enabled_backends,enabled_backends,CONF.enabled_backends,same_line
416,apps/glance/glance/location.py,,,,153,153,enabled,CONF.enabled_backends,enabled_backends,CONF.enabled_backends,same_line
417,apps/glance/glance/location.py,,,,164,164,enabled,CONF.enabled_backends,enabled_backends,CONF.enabled_backends,same_line
418,apps/glance/glance/location.py,,,,485,485,enabled,CONF.enabled_backends,enabled_backends,CONF.enabled_backends,same_line
419,apps/glance/glance/location.py,,,,535,535,enabled,CONF.enabled_backends,enabled_backends,CONF.enabled_backends,same_line
420,apps/glance/glance/location.py,,,,681,681,enabled,CONF.enabled_backends,enabled_backends,CONF.enabled_backends,same_line
421,apps/glance/glance/location.py,,,,719,719,enabled,CONF.enabled_backends,enabled_backends,CONF.enabled_backends,same_line
422,apps/glance/glance/location.py,,,,725,725,enabled,CONF.enabled_backends,enabled_backends,CONF.enabled_backends,same_line
423,apps/glance/glance/location.py,For,64,85,65,65,enabled,CONF.enabled_backends,enabled_backends,CONF.enabled_backends,same_controlflow
424,apps/glance/glance/location.py,For,64,85,75,65,debug,LOG.debug,enabled,CONF.enabled_backends,same_controlflow
425,apps/glance/glance/location.py,For,64,85,75,65,debug,LOG.debug,enabled_backends,CONF.enabled_backends,same_controlflow
426,apps/glance/glance/location.py,For,163,175,164,164,enabled,CONF.enabled_backends,enabled_backends,CONF.enabled_backends,same_controlflow
427,apps/glance/glance/location.py,For,678,699,681,681,enabled,CONF.enabled_backends,enabled_backends,CONF.enabled_backends,same_controlflow
428,apps/glance/glance/location.py,For,718,739,719,719,enabled,CONF.enabled_backends,enabled_backends,CONF.enabled_backends,same_controlflow
429,apps/glance/glance/location.py,For,718,739,729,719,debug,LOG.debug,enabled,CONF.enabled_backends,same_controlflow
430,apps/glance/glance/location.py,For,718,739,729,719,debug,LOG.debug,enabled_backends,CONF.enabled_backends,same_controlflow
431,apps/glance/glance/location.py,If,65,85,65,65,enabled,CONF.enabled_backends,enabled_backends,CONF.enabled_backends,same_controlflow
432,apps/glance/glance/location.py,If,65,85,75,65,debug,LOG.debug,enabled,CONF.enabled_backends,same_controlflow
433,apps/glance/glance/location.py,If,65,85,75,65,debug,LOG.debug,enabled_backends,CONF.enabled_backends,same_controlflow
434,apps/glance/glance/location.py,If,71,76,71,71,enabled,CONF.enabled_backends,enabled_backends,CONF.enabled_backends,same_controlflow
435,apps/glance/glance/location.py,If,71,76,75,71,debug,LOG.debug,enabled,CONF.enabled_backends,same_controlflow
436,apps/glance/glance/location.py,If,71,76,75,71,debug,LOG.debug,enabled_backends,CONF.enabled_backends,same_controlflow
437,apps/glance/glance/location.py,If,99,110,99,99,enabled,CONF.enabled_backends,enabled_backends,CONF.enabled_backends,same_controlflow
438,apps/glance/glance/location.py,If,135,140,135,135,enabled,CONF.enabled_backends,enabled_backends,CONF.enabled_backends,same_controlflow
439,apps/glance/glance/location.py,If,153,154,153,153,enabled,CONF.enabled_backends,enabled_backends,CONF.enabled_backends,same_controlflow
440,apps/glance/glance/location.py,If,162,175,164,164,enabled,CONF.enabled_backends,enabled_backends,CONF.enabled_backends,same_controlflow
441,apps/glance/glance/location.py,If,164,170,164,164,enabled,CONF.enabled_backends,enabled_backends,CONF.enabled_backends,same_controlflow
442,apps/glance/glance/location.py,If,485,510,485,485,enabled,CONF.enabled_backends,enabled_backends,CONF.enabled_backends,same_controlflow
443,apps/glance/glance/location.py,If,485,510,485,506,enabled_backends,CONF.enabled_backends,image_size_cap,CONF.image_size_cap,same_controlflow
444,apps/glance/glance/location.py,If,485,510,506,485,enabled,CONF.enabled_backends,image_size_cap,CONF.image_size_cap,same_controlflow
445,apps/glance/glance/location.py,If,529,544,535,535,enabled,CONF.enabled_backends,enabled_backends,CONF.enabled_backends,same_controlflow
446,apps/glance/glance/location.py,If,535,541,535,535,enabled,CONF.enabled_backends,enabled_backends,CONF.enabled_backends,same_controlflow
447,apps/glance/glance/location.py,If,681,691,681,681,enabled,CONF.enabled_backends,enabled_backends,CONF.enabled_backends,same_controlflow
448,apps/glance/glance/location.py,If,716,739,719,719,enabled,CONF.enabled_backends,enabled_backends,CONF.enabled_backends,same_controlflow
449,apps/glance/glance/location.py,If,716,739,729,719,debug,LOG.debug,enabled,CONF.enabled_backends,same_controlflow
450,apps/glance/glance/location.py,If,716,739,729,719,debug,LOG.debug,enabled_backends,CONF.enabled_backends,same_controlflow
451,apps/glance/glance/location.py,If,719,739,719,719,enabled,CONF.enabled_backends,enabled_backends,CONF.enabled_backends,same_controlflow
452,apps/glance/glance/location.py,If,719,739,729,719,debug,LOG.debug,enabled,CONF.enabled_backends,same_controlflow
453,apps/glance/glance/location.py,If,719,739,729,719,debug,LOG.debug,enabled_backends,CONF.enabled_backends,same_controlflow
454,apps/glance/glance/location.py,If,725,730,725,725,enabled,CONF.enabled_backends,enabled_backends,CONF.enabled_backends,same_controlflow
455,apps/glance/glance/location.py,If,725,730,729,725,debug,LOG.debug,enabled,CONF.enabled_backends,same_controlflow
456,apps/glance/glance/location.py,If,725,730,729,725,debug,LOG.debug,enabled_backends,CONF.enabled_backends,same_controlflow
457,apps/glance/glance/location.py,Try,133,145,135,135,enabled,CONF.enabled_backends,enabled_backends,CONF.enabled_backends,same_controlflow
458,apps/glance/glance/location.py,Try,530,544,535,535,enabled,CONF.enabled_backends,enabled_backends,CONF.enabled_backends,same_controlflow
459,apps/glance/glance/location.py,Try,679,699,681,681,enabled,CONF.enabled_backends,enabled_backends,CONF.enabled_backends,same_controlflow
460,apps/glance/glance/quota/__init__.py,,,,60,60,enabled,CONF.enabled_backends,enabled_backends,CONF.enabled_backends,same_line
461,apps/glance/glance/quota/__init__.py,,,,246,246,user,self._check_user_storage_quota,user_storage_quota,self._check_user_storage_quota,same_line
462,apps/glance/glance/quota/__init__.py,,,,274,274,user,_check_user_storage_quota._calc_required_size,user_storage_quota,_check_user_storage_quota._calc_required_size,same_line
463,apps/glance/glance/quota/__init__.py,,,,274,274,user,_check_user_storage_quota._calc_required_size,user_storage_quota,_check_user_storage_quota.locations,same_line
464,apps/glance/glance/quota/__init__.py,,,,274,274,user,_check_user_storage_quota._calc_required_size,user_storage_quota,_check_user_storage_quota.self,same_line
465,apps/glance/glance/quota/__init__.py,,,,274,274,user,_check_user_storage_quota._calc_required_size,user_storage_quota,_check_user_storage_quota.self.context,same_line
466,apps/glance/glance/quota/__init__.py,,,,274,274,user,_check_user_storage_quota._calc_required_size,user_storage_quota,_check_user_storage_quota.self.image,same_line
467,apps/glance/glance/quota/__init__.py,,,,274,274,user,_check_user_storage_quota.locations,user_storage_quota,_check_user_storage_quota._calc_required_size,same_line
468,apps/glance/glance/quota/__init__.py,,,,274,274,user,_check_user_storage_quota.locations,user_storage_quota,_check_user_storage_quota.locations,same_line
469,apps/glance/glance/quota/__init__.py,,,,274,274,user,_check_user_storage_quota.locations,user_storage_quota,_check_user_storage_quota.self,same_line
470,apps/glance/glance/quota/__init__.py,,,,274,274,user,_check_user_storage_quota.locations,user_storage_quota,_check_user_storage_quota.self.context,same_line
471,apps/glance/glance/quota/__init__.py,,,,274,274,user,_check_user_storage_quota.locations,user_storage_quota,_check_user_storage_quota.self.image,same_line
472,apps/glance/glance/quota/__init__.py,,,,274,274,user,_check_user_storage_quota.self,user_storage_quota,_check_user_storage_quota._calc_required_size,same_line
473,apps/glance/glance/quota/__init__.py,,,,274,274,user,_check_user_storage_quota.self,user_storage_quota,_check_user_storage_quota.locations,same_line
474,apps/glance/glance/quota/__init__.py,,,,274,274,user,_check_user_storage_quota.self,user_storage_quota,_check_user_storage_quota.self,same_line
475,apps/glance/glance/quota/__init__.py,,,,274,274,user,_check_user_storage_quota.self,user_storage_quota,_check_user_storage_quota.self.context,same_line
476,apps/glance/glance/quota/__init__.py,,,,274,274,user,_check_user_storage_quota.self,user_storage_quota,_check_user_storage_quota.self.image,same_line
477,apps/glance/glance/quota/__init__.py,,,,274,274,user,_check_user_storage_quota.self.context,user_storage_quota,_check_user_storage_quota._calc_required_size,same_line
478,apps/glance/glance/quota/__init__.py,,,,274,274,user,_check_user_storage_quota.self.context,user_storage_quota,_check_user_storage_quota.locations,same_line
479,apps/glance/glance/quota/__init__.py,,,,274,274,user,_check_user_storage_quota.self.context,user_storage_quota,_check_user_storage_quota.self,same_line
480,apps/glance/glance/quota/__init__.py,,,,274,274,user,_check_user_storage_quota.self.context,user_storage_quota,_check_user_storage_quota.self.context,same_line
481,apps/glance/glance/quota/__init__.py,,,,274,274,user,_check_user_storage_quota.self.context,user_storage_quota,_check_user_storage_quota.self.image,same_line
482,apps/glance/glance/quota/__init__.py,,,,274,274,user,_check_user_storage_quota.self.image,user_storage_quota,_check_user_storage_quota._calc_required_size,same_line
483,apps/glance/glance/quota/__init__.py,,,,274,274,user,_check_user_storage_quota.self.image,user_storage_quota,_check_user_storage_quota.locations,same_line
484,apps/glance/glance/quota/__init__.py,,,,274,274,user,_check_user_storage_quota.self.image,user_storage_quota,_check_user_storage_quota.self,same_line
485,apps/glance/glance/quota/__init__.py,,,,274,274,user,_check_user_storage_quota.self.image,user_storage_quota,_check_user_storage_quota.self.context,same_line
486,apps/glance/glance/quota/__init__.py,,,,274,274,user,_check_user_storage_quota.self.image,user_storage_quota,_check_user_storage_quota.self.image,same_line
487,apps/glance/glance/quota/__init__.py,,,,291,291,user,self._check_user_storage_quota,user_storage_quota,self._check_user_storage_quota,same_line
488,apps/glance/glance/quota/__init__.py,,,,295,295,user,self._check_user_storage_quota,user_storage_quota,self._check_user_storage_quota,same_line
489,apps/glance/glance/quota/__init__.py,,,,299,299,user,self._check_user_storage_quota,user_storage_quota,self._check_user_storage_quota,same_line
490,apps/glance/glance/quota/__init__.py,For,56,74,60,60,enabled,CONF.enabled_backends,enabled_backends,CONF.enabled_backends,same_controlflow
491,apps/glance/glance/quota/__init__.py,If,53,74,60,60,enabled,CONF.enabled_backends,enabled_backends,CONF.enabled_backends,same_controlflow
492,apps/glance/glance/quota/__init__.py,If,60,66,60,60,enabled,CONF.enabled_backends,enabled_backends,CONF.enabled_backends,same_controlflow
493,apps/glance/glance/quota/__init__.py,If,112,116,115,113,debug,LOG.debug,key,_enforce_image_property_quota.attempted,same_controlflow
494,apps/glance/glance/quota/__init__.py,If,112,116,115,114,debug,LOG.debug,key,_enforce_image_property_quota.kwargs,same_controlflow
495,apps/glance/glance/quota/__init__.py,Try,59,70,60,60,enabled,CONF.enabled_backends,enabled_backends,CONF.enabled_backends,same_controlflow
496,apps/glance/glance/scrubber.py,,,,284,284,enabled,CONF.enabled_backends,enabled_backends,CONF.enabled_backends,same_line
497,apps/glance/glance/scrubber.py,,,,363,363,enabled,CONF.enabled_backends,enabled_backends,CONF.enabled_backends,same_line
498,apps/glance/glance/scrubber.py,,,,391,391,enabled,CONF.enabled_backends,enabled_backends,CONF.enabled_backends,same_line
499,apps/glance/glance/scrubber.py,,,,423,423,enabled,CONF.enabled_backends,enabled_backends,CONF.enabled_backends,same_line
500,apps/glance/glance/scrubber.py,For,257,287,275,284,enabled,CONF.enabled_backends,key,self.metadata_encryption_key,same_controlflow
501,apps/glance/glance/scrubber.py,For,257,287,276,284,enabled,CONF.enabled_backends,key,get_all_locations.self.metadata_encryption_key,same_controlflow
502,apps/glance/glance/scrubber.py,For,257,287,284,275,enabled_backends,CONF.enabled_backends,key,self.metadata_encryption_key,same_controlflow
503,apps/glance/glance/scrubber.py,For,257,287,284,276,enabled_backends,CONF.enabled_backends,key,get_all_locations.self.metadata_encryption_key,same_controlflow
504,apps/glance/glance/scrubber.py,For,257,287,284,284,enabled,CONF.enabled_backends,enabled_backends,CONF.enabled_backends,same_controlflow
505,apps/glance/glance/scrubber.py,For,271,287,275,284,enabled,CONF.enabled_backends,key,self.metadata_encryption_key,same_controlflow
506,apps/glance/glance/scrubber.py,For,271,287,276,284,enabled,CONF.enabled_backends,key,get_all_locations.self.metadata_encryption_key,same_controlflow
507,apps/glance/glance/scrubber.py,For,271,287,284,275,enabled_backends,CONF.enabled_backends,key,self.metadata_encryption_key,same_controlflow
508,apps/glance/glance/scrubber.py,For,271,287,284,276,enabled_backends,CONF.enabled_backends,key,get_all_locations.self.metadata_encryption_key,same_controlflow
509,apps/glance/glance/scrubber.py,For,271,287,284,284,enabled,CONF.enabled_backends,enabled_backends,CONF.enabled_backends,same_controlflow
510,apps/glance/glance/scrubber.py,If,284,287,284,284,enabled,CONF.enabled_backends,enabled_backends,CONF.enabled_backends,same_controlflow
511,apps/glance/glance/scrubber.py,If,363,373,363,363,enabled,CONF.enabled_backends,enabled_backends,CONF.enabled_backends,same_controlflow
512,apps/glance/glance/scrubber.py,If,391,405,391,391,enabled,CONF.enabled_backends,enabled_backends,CONF.enabled_backends,same_controlflow
513,apps/glance/glance/scrubber.py,If,423,426,423,423,enabled,CONF.enabled_backends,enabled_backends,CONF.enabled_backends,same_controlflow
514,apps/glance/glance/scrubber.py,Try,420,443,421,423,debug,LOG.debug,enabled,CONF.enabled_backends,same_controlflow
515,apps/glance/glance/scrubber.py,Try,420,443,421,423,debug,LOG.debug,enabled_backends,CONF.enabled_backends,same_controlflow
516,apps/glance/glance/scrubber.py,Try,420,443,423,423,enabled,CONF.enabled_backends,enabled_backends,CONF.enabled_backends,same_controlflow
517,apps/glance/glance/scrubber.py,Try,422,430,423,423,enabled,CONF.enabled_backends,enabled_backends,CONF.enabled_backends,same_controlflow
518,apps/glance/glance/sqlite_migration.py,,,,66,66,image_cache_dir,get_db_path.base_dir,image_cache_sqlite_db,get_db_path.db,same_line
519,apps/glance/glance/sqlite_migration.py,,,,66,66,image_cache_dir,get_db_path.base_dir,image_cache_sqlite_db,get_db_path.db,same_line
520,apps/glance/glance/sqlite_migration.py,,,,66,66,image_cache_dir,get_db_path.base_dir,image_cache_sqlite_db,get_db_path.db,same_line
521,apps/glance/glance/sqlite_migration.py,,,,66,66,image_cache_dir,get_db_path.base_dir,image_cache_sqlite_db,get_db_path.db,same_line
522,apps/glance/glance/sqlite_migration.py,,,,71,71,image_cache_dir,get_db_path.db_file,image_cache_sqlite_db,get_db_path.db_file,same_line
523,apps/glance/glance/sqlite_migration.py,,,,71,71,image_cache_dir,get_db_path.db_file,image_cache_sqlite_db,get_db_path.db_file,same_line
524,apps/glance/glance/sqlite_migration.py,,,,71,71,image_cache_dir,get_db_path.db_file,image_cache_sqlite_db,get_db_path.db_file,same_line
525,apps/glance/glance/sqlite_migration.py,,,,71,71,image_cache_dir,get_db_path.db_file,image_cache_sqlite_db,get_db_path.db_file,same_line
